round_num,global_label_distribution,client_label_distributions,kl_divergence_scores,jensen_shannon_divergence,earth_movers_distance,accuracy_variance,convergence_rate,fairness_score,parameter_diversity,consensus_measure,aggregation_efficiency
1,"{""class_0"": 0.38636363636363635, ""class_1"": 0.2727272727272727, ""bin_0"": 0.0, ""bin_1"": 0.0, ""bin_2"": 0.0, ""bin_3"": 0.18181818181818182, ""bin_4"": 0.1590909090909091}","{""no_lora_client_1"": {""class_0"": 0.1724137931034483, ""class_1"": 0.8275862068965517}, ""no_lora_client_3"": {""bin_0"": 0.0, ""bin_1"": 0.0, ""bin_2"": 0.0, ""bin_3"": 0.5333333333333333, ""bin_4"": 0.4666666666666667}}","{""no_lora_client_1"": 0.7795370858396531, ""no_lora_client_3"": 1.076139432816051}",0.693147175860297,0.0,0.13954947813449597,0.0,0.0,1.0378289894141801e-08,0.9999999896217101,0.6666666666666666
2,"{""class_0"": 0.5384615384615384, ""class_1"": 0.20512820512820512, ""bin_0"": 0.0, ""bin_1"": 0.0, ""bin_2"": 0.0, ""bin_3"": 0.13675213675213677, ""bin_4"": 0.11965811965811966}","{""no_lora_client_1"": {""class_0"": 0.1724137931034483, ""class_1"": 0.8275862068965517}, ""no_lora_client_3"": {""bin_0"": 0.0, ""bin_1"": 0.0, ""bin_2"": 0.0, ""bin_3"": 0.5333333333333333, ""bin_4"": 0.4666666666666667}, ""no_lora_client_4"": {""class_0"": 1.0}}","{""no_lora_client_1"": 0.7795370858396531, ""no_lora_client_3"": 1.3609765531356006, ""no_lora_client_4"": 0.6190392084062235}",0.9354227521578622,0.0,0.11018628616726123,0.0,0.03736472812042313,2.566550660887401e-08,0.9999999743344934,0.75
