round_num,global_label_distribution,client_label_distributions,kl_divergence_scores,jensen_shannon_divergence,earth_movers_distance,accuracy_variance,convergence_rate,fairness_score,parameter_diversity,consensus_measure,aggregation_efficiency
1,"{""class_0"": 0.36363636363636365, ""class_1"": 0.29545454545454547, ""bin_0"": 0.0, ""bin_1"": 0.0, ""bin_2"": 0.0, ""bin_3"": 0.23863636363636365, ""bin_4"": 0.10227272727272728}","{""no_lora_client_3"": {""bin_0"": 0.0, ""bin_1"": 0.0, ""bin_2"": 0.0, ""bin_3"": 0.7, ""bin_4"": 0.3}, ""no_lora_client_1"": {""class_0"": 0.7241379310344828, ""class_1"": 0.27586206896551724}}","{""no_lora_client_3"": 0.676340062243564, ""no_lora_client_1"": 0.7102416139192453}",0.6931471758519683,0.0,0.061071475756374685,0.0,0.0,1.3415740407474175e-08,0.9999999865842596,0.6666666666666666
2,"{""class_0"": 0.36363636363636365, ""class_1"": 0.29545454545454547, ""bin_0"": 0.0, ""bin_1"": 0.0, ""bin_2"": 0.0, ""bin_3"": 0.23863636363636365, ""bin_4"": 0.10227272727272728}","{""no_lora_client_3"": {""bin_0"": 0.0, ""bin_1"": 0.0, ""bin_2"": 0.0, ""bin_3"": 0.7, ""bin_4"": 0.3}, ""no_lora_client_1"": {""class_0"": 0.7241379310344828, ""class_1"": 0.27586206896551724}, ""no_lora_client_4"": {""class_0"": 0.3793103448275862, ""class_1"": 0.6206896551724138}}","{""no_lora_client_3"": 1.076139432816051, ""no_lora_client_1"": 0.479878131480162, ""no_lora_client_4"": 0.47675501993067615}",0.6774626781295215,0.0,0.05719234890855976,0.0,0.29070515753058035,3.099807999173976e-08,0.99999996900192,1.0
