round_num,global_label_distribution,client_label_distributions,kl_divergence_scores,jensen_shannon_divergence,earth_movers_distance,accuracy_variance,convergence_rate,fairness_score,parameter_diversity,consensus_measure,aggregation_efficiency
1,"{""class_0"": 0.23863636363636365, ""class_1"": 0.42045454545454547, ""bin_0"": 0.0, ""bin_1"": 0.0, ""bin_2"": 0.0, ""bin_3"": 0.2159090909090909, ""bin_4"": 0.125}","{""no_lora_client_1"": {""class_0"": 0.10344827586206896, ""class_1"": 0.896551724137931}, ""no_lora_client_3"": {""bin_0"": 0.0, ""bin_1"": 0.0, ""bin_2"": 0.0, ""bin_3"": 0.6333333333333333, ""bin_4"": 0.36666666666666664}}","{""no_lora_client_1"": 0.7102416139192456, ""no_lora_client_3"": 1.076139432816051}",0.6931471758853016,0.0,0.10731272294887038,0.0,0.0,1.0831911367858993e-08,0.9999999891680886,0.6666666666666666
2,"{""class_0"": 0.23863636363636365, ""class_1"": 0.42045454545454547, ""bin_0"": 0.0, ""bin_1"": 0.0, ""bin_2"": 0.0, ""bin_3"": 0.2159090909090909, ""bin_4"": 0.125}","{""no_lora_client_3"": {""bin_0"": 0.0, ""bin_1"": 0.0, ""bin_2"": 0.0, ""bin_3"": 0.6333333333333333, ""bin_4"": 0.36666666666666664}, ""no_lora_client_1"": {""class_0"": 0.10344827586206896, ""class_1"": 0.896551724137931}, ""no_lora_client_4"": {""class_0"": 0.6206896551724138, ""class_1"": 0.3793103448275862}}","{""no_lora_client_3"": 1.076139432816051, ""no_lora_client_1"": 0.5924173228587241, ""no_lora_client_4"": 0.5542492163815586}",0.7408071407349102,0.0,0.12739096607507233,0.0,0.2722204413852364,2.4063296799603506e-08,0.9999999759367032,1.0
