round_num,global_label_distribution,client_label_distributions,kl_divergence_scores,jensen_shannon_divergence,earth_movers_distance,accuracy_variance,convergence_rate,fairness_score,parameter_diversity,consensus_measure,aggregation_efficiency
1,"{""class_0"": 0.4431818181818182, ""class_1"": 0.2159090909090909, ""bin_0"": 0.0, ""bin_1"": 0.0, ""bin_2"": 0.0, ""bin_3"": 0.2727272727272727, ""bin_4"": 0.06818181818181818}","{""no_lora_client_1"": {""class_0"": 0.41379310344827586, ""class_1"": 0.5862068965517241}, ""no_lora_client_3"": {""bin_0"": 0.0, ""bin_1"": 0.0, ""bin_2"": 0.0, ""bin_3"": 0.8, ""bin_4"": 0.2}}","{""no_lora_client_1"": 0.7102416139192453, ""no_lora_client_3"": 1.0761394328160512}",0.6931471758558571,0.0,0.08931166600607744,0.0,0.0,1.2063529286621133e-08,0.9999999879364707,0.6666666666666666
2,"{""class_0"": 0.48717948717948717, ""class_1"": 0.2564102564102564, ""bin_0"": 0.0, ""bin_1"": 0.0, ""bin_2"": 0.0, ""bin_3"": 0.20512820512820512, ""bin_4"": 0.05128205128205128}","{""no_lora_client_1"": {""class_0"": 0.41379310344827586, ""class_1"": 0.5862068965517241}, ""no_lora_client_3"": {""bin_0"": 0.0, ""bin_1"": 0.0, ""bin_2"": 0.0, ""bin_3"": 0.8, ""bin_4"": 0.2}, ""no_lora_client_4"": {""class_0"": 0.9310344827586207, ""class_1"": 0.06896551724137931}}","{""no_lora_client_1"": 0.5571204412857473, ""no_lora_client_3"": 1.0761394328160512, ""no_lora_client_4"": 0.5124336478588549}",0.7484301183358338,0.0,0.060598053463689634,0.0,0.23512483789480887,2.710938418193365e-08,0.9999999728906158,0.75
