num_clients,round_num,average_accuracy,accuracy_std,worst_client_accuracy,best_client_accuracy,total_communication_time,average_client_latency,aggregation_time,memory_usage_mb,cpu_utilization,throughput_samples_per_sec
2,1,0.3275862068965517,0.3275862068965517,0.0,0.6551724137931034,3.659296989440918,0.2905235290527344,0.017375469207763672,1663.21875,94.4,16.123248303978013
3,2,0.4904214559386973,0.35691871073827486,0.0,0.8390804597701149,4.263890027999878,0.14981738726298013,0.019655227661132812,2113.3203125,100.0,20.638357111883927
