num_clients,round_num,average_accuracy,accuracy_std,worst_client_accuracy,best_client_accuracy,total_communication_time,average_client_latency,aggregation_time,memory_usage_mb,cpu_utilization,throughput_samples_per_sec
2,1,0.3735632183908046,0.3735632183908046,0.0,0.7471264367816092,3.6970276832580566,0.3021514415740967,0.016895294189453125,1662.8828125,100.0,15.958696099951723
3,2,0.3448275862068966,0.3319431971998541,0.0,0.7931034482758621,4.232900857925415,0.16299772262573242,0.019921541213989258,2084.48828125,100.0,20.7894610199949
