num_clients,round_num,average_accuracy,accuracy_std,worst_client_accuracy,best_client_accuracy,total_communication_time,average_client_latency,aggregation_time,memory_usage_mb,cpu_utilization,throughput_samples_per_sec
2,1,0.2988505747126437,0.2988505747126437,0.0,0.5977011494252874,3.7038419246673584,0.2959357500076294,0.01773214340209961,1662.46875,100.0,15.929346047855383
3,2,0.3218390804597701,0.24616671883845231,0.0,0.5977011494252874,4.250777244567871,0.1444413661956787,0.019757986068725586,2074.8828125,100.0,20.7020289851821
