num_clients,round_num,average_accuracy,accuracy_std,worst_client_accuracy,best_client_accuracy,total_communication_time,average_client_latency,aggregation_time,memory_usage_mb,cpu_utilization,throughput_samples_per_sec
2,1,0.2988505747126437,0.2988505747126437,0.0,0.5977011494252874,3.6026980876922607,0.2847505807876587,0.017311573028564453,1662.7421875,99.4,16.376545765880532
3,2,0.5363984674329502,0.40793353729367554,0.0,0.9885057471264368,4.348949909210205,0.14632248878479004,0.019931316375732422,2085.7265625,100.0,20.234705394631266
