num_clients,round_num,average_accuracy,accuracy_std,worst_client_accuracy,best_client_accuracy,total_communication_time,average_client_latency,aggregation_time,memory_usage_mb,cpu_utilization,throughput_samples_per_sec
2,1,0.2471264367816092,0.2471264367816092,0.0,0.4942528735632184,3.6815848350524902,0.29951608180999756,0.01758861541748047,1662.53515625,100.0,16.025643730596027
3,2,0.3371647509578544,0.23914921891689248,0.0,0.5287356321839081,4.292567253112793,0.1394646962483724,0.020658493041992188,2074.48828125,100.0,20.50048752001526
