model,experiment,paradigm,system,distribution,is_lora,val_sst2_acc,val_sst2_f1,val_qqp_acc,val_qqp_f1,val_stsb_pearson,val_stsb_spearman,train_acc,train_loss,avg_gpu_mem_gb,peak_gpu_mem_gb,total_time_sec,avg_step_time_sec,total_samples,sync_events
tiny_bert,tinybert_centralized_mtl,Multi-task,Centralized,,False,0.8211009174311926,0.8262806236080178,0.7230392156862745,0.8100840336134454,0.6474476771747455,0.6425823112091291,0.8238204488908814,0.321167922614081,0.3440421318724937,0.3440421318724937,9227.549522,369.10198088,436944.0,0.0
mini-lm,minilm_centralized_mtl,Multi-task,Centralized,,False,0.8795871559633027,0.882943143812709,0.7916666666666666,0.8648648648648649,0.8579729233861991,0.8559583568490605,0.9742874789279264,0.0472721953293434,1.504463240682313,1.504463240682313,12437.119957,497.48479828,436944.0,0.0
mini-bert,minibert_centralized_mtl,Multi-task,Centralized,,False,0.8589449541284404,0.8649835345773875,0.7769607843137255,0.858034321372855,0.7989210335842442,0.7972817541302876,0.946361560342816,0.0928615218943916,2.4650807086774007,2.4650807086774007,3652.502049,146.10008196,436944.0,0.0
medium-bert,mediumbert_centralized_mtl,Multi-task,Centralized,,False,0.8864678899082569,0.8883977900552487,0.8333333333333334,0.8776978417266187,0.8615454825355658,0.8584116040914934,0.9887762878543582,0.0164788172893552,2.667126624615792,2.667126624615792,19257.400783,770.2960313199999,436944.0,0.0
distil-bert,distilbert_centralized_mtl,Multi-task,Centralized,,False,0.9036697247706422,0.9076923076923076,0.8137254901960784,0.8778135048231511,0.8635447821041434,0.8614326862448632,0.9933874018493613,0.0090170236933693,4.321388951085961,4.321388951085961,24449.680308000003,977.98721232,436944.0,0.0
